date_key,full_date,year,quarter,month,month_name,day,day_of_week,day_name,is_weekend
20110531,2011-05-31,2011,2,5,May,31,2,Tuesday,false
20110601,2011-06-01,2011,2,6,June,1,3,Wednesday,false
20110602,2011-06-02,2011,2,6,June,2,4,Thursday,false
20110603,2011-06-03,2011,2,6,June,3,5,Friday,false
20110604,2011-06-04,2011,2,6,June,4,6,Saturday,true
20110605,2011-06-05,2011,2,6,June,5,7,Sunday,true
20110606,2011-06-06,2011,2,6,June,6,1,Monday,false
20110607,2011-06-07,2011,2,6,June,7,2,Tuesday,false
20110608,2011-06-08,2011,2,6,June,8,3,Wednesday,false
20110609,2011-06-09,2011,2,6,June,9,4,Thursday,false
20110610,2011-06-10,2011,2,6,June,10,5,Friday,false
20110611,2011-06-11,2011,2,6,June,11,6,Saturday,true
20110612,2011-06-12,2011,2,6,June,12,7,Sunday,true
20110613,2011-06-13,2011,2,6,June,13,1,Monday,false
20110614,2011-06-14,2011,2,6,June,14,2,Tuesday,false
20110615,2011-06-15,2011,2,6,June,15,3,Wednesday,false
20110616,2011-06-16,2011,2,6,June,16,4,Thursday,false
20110617,2011-06-17,2011,2,6,June,17,5,Friday,false
20110618,2011-06-18,2011,2,6,June,18,6,Saturday,true
20110619,2011-06-19,2011,2,6,June,19,7,Sunday,true
20110620,2011-06-20,2011,2,6,June,20,1,Monday,false
20110621,2011-06-21,2011,2,6,June,21,2,Tuesday,false
20110622,2011-06-22,2011,2,6,June,22,3,Wednesday,false
20110623,2011-06-23,2011,2,6,June,23,4,Thursday,false
20110624,2011-06-24,2011,2,6,June,24,5,Friday,false
20110625,2011-06-25,2011,2,6,June,25,6,Saturday,true
20110626,2011-06-26,2011,2,6,June,26,7,Sunday,true
20110627,2011-06-27,2011,2,6,June,27,1,Monday,false
20110628,2011-06-28,2011,2,6,June,28,2,Tuesday,false
20110629,2011-06-29,2011,2,6,June,29,3,Wednesday,false
20110630,2011-06-30,2011,2,6,June,30,4,Thursday,false
20110701,2011-07-01,2011,3,7,July,1,5,Friday,false
20110702,2011-07-02,2011,3,7,July,2,6,Saturday,true
20110703,2011-07-03,2011,3,7,July,3,7,Sunday,true
20110704,2011-07-04,2011,3,7,July,4,1,Monday,false
20110705,2011-07-05,2011,3,7,July,5,2,Tuesday,false
20110706,2011-07-06,2011,3,7,July,6,3,Wednesday,false
20110707,2011-07-07,2011,3,7,July,7,4,Thursday,false
20110708,2011-07-08,2011,3,7,July,8,5,Friday,false
20110709,2011-07-09,2011,3,7,July,9,6,Saturday,true
20110710,2011-07-10,2011,3,7,July,10,7,Sunday,true
20110711,2011-07-11,2011,3,7,July,11,1,Monday,false
20110712,2011-07-12,2011,3,7,July,12,2,Tuesday,false
20110713,2011-07-13,2011,3,7,July,13,3,Wednesday,false
20110714,2011-07-14,2011,3,7,July,14,4,Thursday,false
20110715,2011-07-15,2011,3,7,July,15,5,Friday,false
20110716,2011-07-16,2011,3,7,July,16,6,Saturday,true
20110717,2011-07-17,2011,3,7,July,17,7,Sunday,true
20110718,2011-07-18,2011,3,7,July,18,1,Monday,false
20110719,2011-07-19,2011,3,7,July,19,2,Tuesday,false
20110720,2011-07-20,2011,3,7,July,20,3,Wednesday,false
20110721,2011-07-21,2011,3,7,July,21,4,Thursday,false
20110722,2011-07-22,2011,3,7,July,22,5,Friday,false
20110723,2011-07-23,2011,3,7,July,23,6,Saturday,true
20110724,2011-07-24,2011,3,7,July,24,7,Sunday,true
20110725,2011-07-25,2011,3,7,July,25,1,Monday,false
20110726,2011-07-26,2011,3,7,July,26,2,Tuesday,false
20110727,2011-07-27,2011,3,7,July,27,3,Wednesday,false
20110728,2011-07-28,2011,3,7,July,28,4,Thursday,false
20110729,2011-07-29,2011,3,7,July,29,5,Friday,false
20110730,2011-07-30,2011,3,7,July,30,6,Saturday,true
20110731,2011-07-31,2011,3,7,July,31,7,Sunday,true
20110801,2011-08-01,2011,3,8,August,1,1,Monday,false
20110802,2011-08-02,2011,3,8,August,2,2,Tuesday,false
20110803,2011-08-03,2011,3,8,August,3,3,Wednesday,false
20110804,2011-08-04,2011,3,8,August,4,4,Thursday,false
20110805,2011-08-05,2011,3,8,August,5,5,Friday,false
20110806,2011-08-06,2011,3,8,August,6,6,Saturday,true
20110807,2011-08-07,2011,3,8,August,7,7,Sunday,true
20110808,2011-08-08,2011,3,8,August,8,1,Monday,false
20110809,2011-08-09,2011,3,8,August,9,2,Tuesday,false
20110810,2011-08-10,2011,3,8,August,10,3,Wednesday,false
20110811,2011-08-11,2011,3,8,August,11,4,Thursday,false
20110812,2011-08-12,2011,3,8,August,12,5,Friday,false
20110813,2011-08-13,2011,3,8,August,13,6,Saturday,true
20110814,2011-08-14,2011,3,8,August,14,7,Sunday,true
20110815,2011-08-15,2011,3,8,August,15,1,Monday,false
20110816,2011-08-16,2011,3,8,August,16,2,Tuesday,false
20110817,2011-08-17,2011,3,8,August,17,3,Wednesday,false
20110818,2011-08-18,2011,3,8,August,18,4,Thursday,false
20110819,2011-08-19,2011,3,8,August,19,5,Friday,false
20110820,2011-08-20,2011,3,8,August,20,6,Saturday,true
20110821,2011-08-21,2011,3,8,August,21,7,Sunday,true
20110822,2011-08-22,2011,3,8,August,22,1,Monday,false
20110823,2011-08-23,2011,3,8,August,23,2,Tuesday,false
20110824,2011-08-24,2011,3,8,August,24,3,Wednesday,false
20110825,2011-08-25,2011,3,8,August,25,4,Thursday,false
20110826,2011-08-26,2011,3,8,August,26,5,Friday,false
20110827,2011-08-27,2011,3,8,August,27,6,Saturday,true
20110828,2011-08-28,2011,3,8,August,28,7,Sunday,true
20110829,2011-08-29,2011,3,8,August,29,1,Monday,false
20110830,2011-08-30,2011,3,8,August,30,2,Tuesday,false
20110831,2011-08-31,2011,3,8,August,31,3,Wednesday,false
20110901,2011-09-01,2011,3,9,September,1,4,Thursday,false
20110902,2011-09-02,2011,3,9,September,2,5,Friday,false
20110903,2011-09-03,2011,3,9,September,3,6,Saturday,true
20110904,2011-09-04,2011,3,9,September,4,7,Sunday,true
20110905,2011-09-05,2011,3,9,September,5,1,Monday,false
20110906,2011-09-06,2011,3,9,September,6,2,Tuesday,false
20110907,2011-09-07,2011,3,9,September,7,3,Wednesday,false
20110908,2011-09-08,2011,3,9,September,8,4,Thursday,false
20110909,2011-09-09,2011,3,9,September,9,5,Friday,false
20110910,2011-09-10,2011,3,9,September,10,6,Saturday,true
20110911,2011-09-11,2011,3,9,September,11,7,Sunday,true
20110912,2011-09-12,2011,3,9,September,12,1,Monday,false
20110913,2011-09-13,2011,3,9,September,13,2,Tuesday,false
20110914,2011-09-14,2011,3,9,September,14,3,Wednesday,false
20110915,2011-09-15,2011,3,9,September,15,4,Thursday,false
20110916,2011-09-16,2011,3,9,September,16,5,Friday,false
20110917,2011-09-17,2011,3,9,September,17,6,Saturday,true
20110918,2011-09-18,2011,3,9,September,18,7,Sunday,true
20110919,2011-09-19,2011,3,9,September,19,1,Monday,false
20110920,2011-09-20,2011,3,9,September,20,2,Tuesday,false
20110921,2011-09-21,2011,3,9,September,21,3,Wednesday,false
20110922,2011-09-22,2011,3,9,September,22,4,Thursday,false
20110923,2011-09-23,2011,3,9,September,23,5,Friday,false
20110924,2011-09-24,2011,3,9,September,24,6,Saturday,true
20110925,2011-09-25,2011,3,9,September,25,7,Sunday,true
20110926,2011-09-26,2011,3,9,September,26,1,Monday,false
20110927,2011-09-27,2011,3,9,September,27,2,Tuesday,false
20110928,2011-09-28,2011,3,9,September,28,3,Wednesday,false
20110929,2011-09-29,2011,3,9,September,29,4,Thursday,false
20110930,2011-09-30,2011,3,9,September,30,5,Friday,false
20111001,2011-10-01,2011,4,10,October,1,6,Saturday,true
20111002,2011-10-02,2011,4,10,October,2,7,Sunday,true
20111003,2011-10-03,2011,4,10,October,3,1,Monday,false
20111004,2011-10-04,2011,4,10,October,4,2,Tuesday,false
20111005,2011-10-05,2011,4,10,October,5,3,Wednesday,false
20111006,2011-10-06,2011,4,10,October,6,4,Thursday,false
20111007,2011-10-07,2011,4,10,October,7,5,Friday,false
20111008,2011-10-08,2011,4,10,October,8,6,Saturday,true
20111009,2011-10-09,2011,4,10,October,9,7,Sunday,true
20111010,2011-10-10,2011,4,10,October,10,1,Monday,false
20111011,2011-10-11,2011,4,10,October,11,2,Tuesday,false
20111012,2011-10-12,2011,4,10,October,12,3,Wednesday,false
20111013,2011-10-13,2011,4,10,October,13,4,Thursday,false
20111014,2011-10-14,2011,4,10,October,14,5,Friday,false
20111015,2011-10-15,2011,4,10,October,15,6,Saturday,true
20111016,2011-10-16,2011,4,10,October,16,7,Sunday,true
20111017,2011-10-17,2011,4,10,October,17,1,Monday,false
20111018,2011-10-18,2011,4,10,October,18,2,Tuesday,false
20111019,2011-10-19,2011,4,10,October,19,3,Wednesday,false
20111020,2011-10-20,2011,4,10,October,20,4,Thursday,false
20111021,2011-10-21,2011,4,10,October,21,5,Friday,false
20111022,2011-10-22,2011,4,10,October,22,6,Saturday,true
20111023,2011-10-23,2011,4,10,October,23,7,Sunday,true
20111024,2011-10-24,2011,4,10,October,24,1,Monday,false
20111025,2011-10-25,2011,4,10,October,25,2,Tuesday,false
20111026,2011-10-26,2011,4,10,October,26,3,Wednesday,false
20111027,2011-10-27,2011,4,10,October,27,4,Thursday,false
20111028,2011-10-28,2011,4,10,October,28,5,Friday,false
20111029,2011-10-29,2011,4,10,October,29,6,Saturday,true
20111030,2011-10-30,2011,4,10,October,30,7,Sunday,true
20111031,2011-10-31,2011,4,10,October,31,1,Monday,false
20111101,2011-11-01,2011,4,11,November,1,2,Tuesday,false
20111102,2011-11-02,2011,4,11,November,2,3,Wednesday,false
20111103,2011-11-03,2011,4,11,November,3,4,Thursday,false
20111104,2011-11-04,2011,4,11,November,4,5,Friday,false
20111105,2011-11-05,2011,4,11,November,5,6,Saturday,true
20111106,2011-11-06,2011,4,11,November,6,7,Sunday,true
20111107,2011-11-07,2011,4,11,November,7,1,Monday,false
20111108,2011-11-08,2011,4,11,November,8,2,Tuesday,false
20111109,2011-11-09,2011,4,11,November,9,3,Wednesday,false
20111110,2011-11-10,2011,4,11,November,10,4,Thursday,false
20111111,2011-11-11,2011,4,11,November,11,5,Friday,false
20111112,2011-11-12,2011,4,11,November,12,6,Saturday,true
20111113,2011-11-13,2011,4,11,November,13,7,Sunday,true
20111114,2011-11-14,2011,4,11,November,14,1,Monday,false
20111115,2011-11-15,2011,4,11,November,15,2,Tuesday,false
20111116,2011-11-16,2011,4,11,November,16,3,Wednesday,false
20111117,2011-11-17,2011,4,11,November,17,4,Thursday,false
20111118,2011-11-18,2011,4,11,November,18,5,Friday,false
20111119,2011-11-19,2011,4,11,November,19,6,Saturday,true
20111120,2011-11-20,2011,4,11,November,20,7,Sunday,true
20111121,2011-11-21,2011,4,11,November,21,1,Monday,false
20111122,2011-11-22,2011,4,11,November,22,2,Tuesday,false
20111123,2011-11-23,2011,4,11,November,23,3,Wednesday,false
20111124,2011-11-24,2011,4,11,November,24,4,Thursday,false
20111125,2011-11-25,2011,4,11,November,25,5,Friday,false
20111126,2011-11-26,2011,4,11,November,26,6,Saturday,true
20111127,2011-11-27,2011,4,11,November,27,7,Sunday,true
20111128,2011-11-28,2011,4,11,November,28,1,Monday,false
20111129,2011-11-29,2011,4,11,November,29,2,Tuesday,false
20111130,2011-11-30,2011,4,11,November,30,3,Wednesday,false
20111201,2011-12-01,2011,4,12,December,1,4,Thursday,false
20111202,2011-12-02,2011,4,12,December,2,5,Friday,false
20111203,2011-12-03,2011,4,12,December,3,6,Saturday,true
20111204,2011-12-04,2011,4,12,December,4,7,Sunday,true
20111205,2011-12-05,2011,4,12,December,5,1,Monday,false
20111206,2011-12-06,2011,4,12,December,6,2,Tuesday,false
20111207,2011-12-07,2011,4,12,December,7,3,Wednesday,false
20111208,2011-12-08,2011,4,12,December,8,4,Thursday,false
20111209,2011-12-09,2011,4,12,December,9,5,Friday,false
20111210,2011-12-10,2011,4,12,December,10,6,Saturday,true
20111211,2011-12-11,2011,4,12,December,11,7,Sunday,true
20111212,2011-12-12,2011,4,12,December,12,1,Monday,false
20111213,2011-12-13,2011,4,12,December,13,2,Tuesday,false
20111214,2011-12-14,2011,4,12,December,14,3,Wednesday,false
20111215,2011-12-15,2011,4,12,December,15,4,Thursday,false
20111216,2011-12-16,2011,4,12,December,16,5,Friday,false
20111217,2011-12-17,2011,4,12,December,17,6,Saturday,true
20111218,2011-12-18,2011,4,12,December,18,7,Sunday,true
20111219,2011-12-19,2011,4,12,December,19,1,Monday,false
20111220,2011-12-20,2011,4,12,December,20,2,Tuesday,false
20111221,2011-12-21,2011,4,12,December,21,3,Wednesday,false
20111222,2011-12-22,2011,4,12,December,22,4,Thursday,false
20111223,2011-12-23,2011,4,12,December,23,5,Friday,false
20111224,2011-12-24,2011,4,12,December,24,6,Saturday,true
20111225,2011-12-25,2011,4,12,December,25,7,Sunday,true
20111226,2011-12-26,2011,4,12,December,26,1,Monday,false
20111227,2011-12-27,2011,4,12,December,27,2,Tuesday,false
20111228,2011-12-28,2011,4,12,December,28,3,Wednesday,false
20111229,2011-12-29,2011,4,12,December,29,4,Thursday,false
20111230,2011-12-30,2011,4,12,December,30,5,Friday,false
20111231,2011-12-31,2011,4,12,December,31,6,Saturday,true
20120101,2012-01-01,2012,1,1,January,1,7,Sunday,true
20120102,2012-01-02,2012,1,1,January,2,1,Monday,false
20120103,2012-01-03,2012,1,1,January,3,2,Tuesday,false
20120104,2012-01-04,2012,1,1,January,4,3,Wednesday,false
20120105,2012-01-05,2012,1,1,January,5,4,Thursday,false
20120106,2012-01-06,2012,1,1,January,6,5,Friday,false
20120107,2012-01-07,2012,1,1,January,7,6,Saturday,true
20120108,2012-01-08,2012,1,1,January,8,7,Sunday,true
20120109,2012-01-09,2012,1,1,January,9,1,Monday,false
20120110,2012-01-10,2012,1,1,January,10,2,Tuesday,false
20120111,2012-01-11,2012,1,1,January,11,3,Wednesday,false
20120112,2012-01-12,2012,1,1,January,12,4,Thursday,false
20120113,2012-01-13,2012,1,1,January,13,5,Friday,false
20120114,2012-01-14,2012,1,1,January,14,6,Saturday,true
20120115,2012-01-15,2012,1,1,January,15,7,Sunday,true
20120116,2012-01-16,2012,1,1,January,16,1,Monday,false
20120117,2012-01-17,2012,1,1,January,17,2,Tuesday,false
20120118,2012-01-18,2012,1,1,January,18,3,Wednesday,false
20120119,2012-01-19,2012,1,1,January,19,4,Thursday,false
20120120,2012-01-20,2012,1,1,January,20,5,Friday,false
20120121,2012-01-21,2012,1,1,January,21,6,Saturday,true
20120122,2012-01-22,2012,1,1,January,22,7,Sunday,true
20120123,2012-01-23,2012,1,1,January,23,1,Monday,false
20120124,2012-01-24,2012,1,1,January,24,2,Tuesday,false
20120125,2012-01-25,2012,1,1,January,25,3,Wednesday,false
20120126,2012-01-26,2012,1,1,January,26,4,Thursday,false
20120127,2012-01-27,2012,1,1,January,27,5,Friday,false
20120128,2012-01-28,2012,1,1,January,28,6,Saturday,true
20120129,2012-01-29,2012,1,1,January,29,7,Sunday,true
20120130,2012-01-30,2012,1,1,January,30,1,Monday,false
20120131,2012-01-31,2012,1,1,January,31,2,Tuesday,false
20120201,2012-02-01,2012,1,2,February,1,3,Wednesday,false
20120202,2012-02-02,2012,1,2,February,2,4,Thursday,false
20120203,2012-02-03,2012,1,2,February,3,5,Friday,false
20120204,2012-02-04,2012,1,2,February,4,6,Saturday,true
20120205,2012-02-05,2012,1,2,February,5,7,Sunday,true
20120206,2012-02-06,2012,1,2,February,6,1,Monday,false
20120207,2012-02-07,2012,1,2,February,7,2,Tuesday,false
20120208,2012-02-08,2012,1,2,February,8,3,Wednesday,false
20120209,2012-02-09,2012,1,2,February,9,4,Thursday,false
20120210,2012-02-10,2012,1,2,February,10,5,Friday,false
20120211,2012-02-11,2012,1,2,February,11,6,Saturday,true
20120212,2012-02-12,2012,1,2,February,12,7,Sunday,true
20120213,2012-02-13,2012,1,2,February,13,1,Monday,false
20120214,2012-02-14,2012,1,2,February,14,2,Tuesday,false
20120215,2012-02-15,2012,1,2,February,15,3,Wednesday,false
20120216,2012-02-16,2012,1,2,February,16,4,Thursday,false
20120217,2012-02-17,2012,1,2,February,17,5,Friday,false
20120218,2012-02-18,2012,1,2,February,18,6,Saturday,true
20120219,2012-02-19,2012,1,2,February,19,7,Sunday,true
20120220,2012-02-20,2012,1,2,February,20,1,Monday,false
20120221,2012-02-21,2012,1,2,February,21,2,Tuesday,false
20120222,2012-02-22,2012,1,2,February,22,3,Wednesday,false
20120223,2012-02-23,2012,1,2,February,23,4,Thursday,false
20120224,2012-02-24,2012,1,2,February,24,5,Friday,false
20120225,2012-02-25,2012,1,2,February,25,6,Saturday,true
20120226,2012-02-26,2012,1,2,February,26,7,Sunday,true
20120227,2012-02-27,2012,1,2,February,27,1,Monday,false
20120228,2012-02-28,2012,1,2,February,28,2,Tuesday,false
20120229,2012-02-29,2012,1,2,February,29,3,Wednesday,false
20120301,2012-03-01,2012,1,3,March,1,4,Thursday,false
20120302,2012-03-02,2012,1,3,March,2,5,Friday,false
20120303,2012-03-03,2012,1,3,March,3,6,Saturday,true
20120304,2012-03-04,2012,1,3,March,4,7,Sunday,true
20120305,2012-03-05,2012,1,3,March,5,1,Monday,false
20120306,2012-03-06,2012,1,3,March,6,2,Tuesday,false
20120307,2012-03-07,2012,1,3,March,7,3,Wednesday,false
20120308,2012-03-08,2012,1,3,March,8,4,Thursday,false
20120309,2012-03-09,2012,1,3,March,9,5,Friday,false
20120310,2012-03-10,2012,1,3,March,10,6,Saturday,true
20120311,2012-03-11,2012,1,3,March,11,7,Sunday,true
20120312,2012-03-12,2012,1,3,March,12,1,Monday,false
20120313,2012-03-13,2012,1,3,March,13,2,Tuesday,false
20120314,2012-03-14,2012,1,3,March,14,3,Wednesday,false
20120315,2012-03-15,2012,1,3,March,15,4,Thursday,false
20120316,2012-03-16,2012,1,3,March,16,5,Friday,false
20120317,2012-03-17,2012,1,3,March,17,6,Saturday,true
20120318,2012-03-18,2012,1,3,March,18,7,Sunday,true
20120319,2012-03-19,2012,1,3,March,19,1,Monday,false
20120320,2012-03-20,2012,1,3,March,20,2,Tuesday,false
20120321,2012-03-21,2012,1,3,March,21,3,Wednesday,false
20120322,2012-03-22,2012,1,3,March,22,4,Thursday,false
20120323,2012-03-23,2012,1,3,March,23,5,Friday,false
20120324,2012-03-24,2012,1,3,March,24,6,Saturday,true
20120325,2012-03-25,2012,1,3,March,25,7,Sunday,true
20120326,2012-03-26,2012,1,3,March,26,1,Monday,false
20120327,2012-03-27,2012,1,3,March,27,2,Tuesday,false
20120328,2012-03-28,2012,1,3,March,28,3,Wednesday,false
20120329,2012-03-29,2012,1,3,March,29,4,Thursday,false
20120330,2012-03-30,2012,1,3,March,30,5,Friday,false
20120331,2012-03-31,2012,1,3,March,31,6,Saturday,true
20120401,2012-04-01,2012,2,4,April,1,7,Sunday,true
20120402,2012-04-02,2012,2,4,April,2,1,Monday,false
20120403,2012-04-03,2012,2,4,April,3,2,Tuesday,false
20120404,2012-04-04,2012,2,4,April,4,3,Wednesday,false
20120405,2012-04-05,2012,2,4,April,5,4,Thursday,false
20120406,2012-04-06,2012,2,4,April,6,5,Friday,false
20120407,2012-04-07,2012,2,4,April,7,6,Saturday,true
20120408,2012-04-08,2012,2,4,April,8,7,Sunday,true
20120409,2012-04-09,2012,2,4,April,9,1,Monday,false
20120410,2012-04-10,2012,2,4,April,10,2,Tuesday,false
20120411,2012-04-11,2012,2,4,April,11,3,Wednesday,false
20120412,2012-04-12,2012,2,4,April,12,4,Thursday,false
20120413,2012-04-13,2012,2,4,April,13,5,Friday,false
20120414,2012-04-14,2012,2,4,April,14,6,Saturday,true
20120415,2012-04-15,2012,2,4,April,15,7,Sunday,true
20120416,2012-04-16,2012,2,4,April,16,1,Monday,false
20120417,2012-04-17,2012,2,4,April,17,2,Tuesday,false
20120418,2012-04-18,2012,2,4,April,18,3,Wednesday,false
20120419,2012-04-19,2012,2,4,April,19,4,Thursday,false
20120420,2012-04-20,2012,2,4,April,20,5,Friday,false
20120421,2012-04-21,2012,2,4,April,21,6,Saturday,true
20120422,2012-04-22,2012,2,4,April,22,7,Sunday,true
20120423,2012-04-23,2012,2,4,April,23,1,Monday,false
20120424,2012-04-24,2012,2,4,April,24,2,Tuesday,false
20120425,2012-04-25,2012,2,4,April,25,3,Wednesday,false
20120426,2012-04-26,2012,2,4,April,26,4,Thursday,false
20120427,2012-04-27,2012,2,4,April,27,5,Friday,false
20120428,2012-04-28,2012,2,4,April,28,6,Saturday,true
20120429,2012-04-29,2012,2,4,April,29,7,Sunday,true
20120430,2012-04-30,2012,2,4,April,30,1,Monday,false
20120501,2012-05-01,2012,2,5,May,1,2,Tuesday,false
20120502,2012-05-02,2012,2,5,May,2,3,Wednesday,false
20120503,2012-05-03,2012,2,5,May,3,4,Thursday,false
20120504,2012-05-04,2012,2,5,May,4,5,Friday,false
20120505,2012-05-05,2012,2,5,May,5,6,Saturday,true
20120506,2012-05-06,2012,2,5,May,6,7,Sunday,true
20120507,2012-05-07,2012,2,5,May,7,1,Monday,false
20120508,2012-05-08,2012,2,5,May,8,2,Tuesday,false
20120509,2012-05-09,2012,2,5,May,9,3,Wednesday,false
20120510,2012-05-10,2012,2,5,May,10,4,Thursday,false
20120511,2012-05-11,2012,2,5,May,11,5,Friday,false
20120512,2012-05-12,2012,2,5,May,12,6,Saturday,true
20120513,2012-05-13,2012,2,5,May,13,7,Sunday,true
20120514,2012-05-14,2012,2,5,May,14,1,Monday,false
20120515,2012-05-15,2012,2,5,May,15,2,Tuesday,false
20120516,2012-05-16,2012,2,5,May,16,3,Wednesday,false
20120517,2012-05-17,2012,2,5,May,17,4,Thursday,false
20120518,2012-05-18,2012,2,5,May,18,5,Friday,false
20120519,2012-05-19,2012,2,5,May,19,6,Saturday,true
20120520,2012-05-20,2012,2,5,May,20,7,Sunday,true
20120521,2012-05-21,2012,2,5,May,21,1,Monday,false
20120522,2012-05-22,2012,2,5,May,22,2,Tuesday,false
20120523,2012-05-23,2012,2,5,May,23,3,Wednesday,false
20120524,2012-05-24,2012,2,5,May,24,4,Thursday,false
20120525,2012-05-25,2012,2,5,May,25,5,Friday,false
20120526,2012-05-26,2012,2,5,May,26,6,Saturday,true
20120527,2012-05-27,2012,2,5,May,27,7,Sunday,true
20120528,2012-05-28,2012,2,5,May,28,1,Monday,false
20120529,2012-05-29,2012,2,5,May,29,2,Tuesday,false
20120530,2012-05-30,2012,2,5,May,30,3,Wednesday,false
20120531,2012-05-31,2012,2,5,May,31,4,Thursday,false
20120601,2012-06-01,2012,2,6,June,1,5,Friday,false
20120602,2012-06-02,2012,2,6,June,2,6,Saturday,true
20120603,2012-06-03,2012,2,6,June,3,7,Sunday,true
20120604,2012-06-04,2012,2,6,June,4,1,Monday,false
20120605,2012-06-05,2012,2,6,June,5,2,Tuesday,false
20120606,2012-06-06,2012,2,6,June,6,3,Wednesday,false
20120607,2012-06-07,2012,2,6,June,7,4,Thursday,false
20120608,2012-06-08,2012,2,6,June,8,5,Friday,false
20120609,2012-06-09,2012,2,6,June,9,6,Saturday,true
20120610,2012-06-10,2012,2,6,June,10,7,Sunday,true
20120611,2012-06-11,2012,2,6,June,11,1,Monday,false
20120612,2012-06-12,2012,2,6,June,12,2,Tuesday,false
20120613,2012-06-13,2012,2,6,June,13,3,Wednesday,false
20120614,2012-06-14,2012,2,6,June,14,4,Thursday,false
20120615,2012-06-15,2012,2,6,June,15,5,Friday,false
20120616,2012-06-16,2012,2,6,June,16,6,Saturday,true
20120617,2012-06-17,2012,2,6,June,17,7,Sunday,true
20120618,2012-06-18,2012,2,6,June,18,1,Monday,false
20120619,2012-06-19,2012,2,6,June,19,2,Tuesday,false
20120620,2012-06-20,2012,2,6,June,20,3,Wednesday,false
20120621,2012-06-21,2012,2,6,June,21,4,Thursday,false
20120622,2012-06-22,2012,2,6,June,22,5,Friday,false
20120623,2012-06-23,2012,2,6,June,23,6,Saturday,true
20120624,2012-06-24,2012,2,6,June,24,7,Sunday,true
20120625,2012-06-25,2012,2,6,June,25,1,Monday,false
20120626,2012-06-26,2012,2,6,June,26,2,Tuesday,false
20120627,2012-06-27,2012,2,6,June,27,3,Wednesday,false
20120628,2012-06-28,2012,2,6,June,28,4,Thursday,false
20120629,2012-06-29,2012,2,6,June,29,5,Friday,false
20120630,2012-06-30,2012,2,6,June,30,6,Saturday,true
20120701,2012-07-01,2012,3,7,July,1,7,Sunday,true
20120702,2012-07-02,2012,3,7,July,2,1,Monday,false
20120703,2012-07-03,2012,3,7,July,3,2,Tuesday,false
20120704,2012-07-04,2012,3,7,July,4,3,Wednesday,false
20120705,2012-07-05,2012,3,7,July,5,4,Thursday,false
20120706,2012-07-06,2012,3,7,July,6,5,Friday,false
20120707,2012-07-07,2012,3,7,July,7,6,Saturday,true
20120708,2012-07-08,2012,3,7,July,8,7,Sunday,true
20120709,2012-07-09,2012,3,7,July,9,1,Monday,false
20120710,2012-07-10,2012,3,7,July,10,2,Tuesday,false
20120711,2012-07-11,2012,3,7,July,11,3,Wednesday,false
20120712,2012-07-12,2012,3,7,July,12,4,Thursday,false
20120713,2012-07-13,2012,3,7,July,13,5,Friday,false
20120714,2012-07-14,2012,3,7,July,14,6,Saturday,true
20120715,2012-07-15,2012,3,7,July,15,7,Sunday,true
20120716,2012-07-16,2012,3,7,July,16,1,Monday,false
20120717,2012-07-17,2012,3,7,July,17,2,Tuesday,false
20120718,2012-07-18,2012,3,7,July,18,3,Wednesday,false
20120719,2012-07-19,2012,3,7,July,19,4,Thursday,false
20120720,2012-07-20,2012,3,7,July,20,5,Friday,false
20120721,2012-07-21,2012,3,7,July,21,6,Saturday,true
20120722,2012-07-22,2012,3,7,July,22,7,Sunday,true
20120723,2012-07-23,2012,3,7,July,23,1,Monday,false
20120724,2012-07-24,2012,3,7,July,24,2,Tuesday,false
20120725,2012-07-25,2012,3,7,July,25,3,Wednesday,false
20120726,2012-07-26,2012,3,7,July,26,4,Thursday,false
20120727,2012-07-27,2012,3,7,July,27,5,Friday,false
20120728,2012-07-28,2012,3,7,July,28,6,Saturday,true
20120729,2012-07-29,2012,3,7,July,29,7,Sunday,true
20120730,2012-07-30,2012,3,7,July,30,1,Monday,false
20120731,2012-07-31,2012,3,7,July,31,2,Tuesday,false
20120801,2012-08-01,2012,3,8,August,1,3,Wednesday,false
20120802,2012-08-02,2012,3,8,August,2,4,Thursday,false
20120803,2012-08-03,2012,3,8,August,3,5,Friday,false
20120804,2012-08-04,2012,3,8,August,4,6,Saturday,true
20120805,2012-08-05,2012,3,8,August,5,7,Sunday,true
20120806,2012-08-06,2012,3,8,August,6,1,Monday,false
20120807,2012-08-07,2012,3,8,August,7,2,Tuesday,false
20120808,2012-08-08,2012,3,8,August,8,3,Wednesday,false
20120809,2012-08-09,2012,3,8,August,9,4,Thursday,false
20120810,2012-08-10,2012,3,8,August,10,5,Friday,false
20120811,2012-08-11,2012,3,8,August,11,6,Saturday,true
20120812,2012-08-12,2012,3,8,August,12,7,Sunday,true
20120813,2012-08-13,2012,3,8,August,13,1,Monday,false
20120814,2012-08-14,2012,3,8,August,14,2,Tuesday,false
20120815,2012-08-15,2012,3,8,August,15,3,Wednesday,false
20120816,2012-08-16,2012,3,8,August,16,4,Thursday,false
20120817,2012-08-17,2012,3,8,August,17,5,Friday,false
20120818,2012-08-18,2012,3,8,August,18,6,Saturday,true
20120819,2012-08-19,2012,3,8,August,19,7,Sunday,true
20120820,2012-08-20,2012,3,8,August,20,1,Monday,false
20120821,2012-08-21,2012,3,8,August,21,2,Tuesday,false
20120822,2012-08-22,2012,3,8,August,22,3,Wednesday,false
20120823,2012-08-23,2012,3,8,August,23,4,Thursday,false
20120824,2012-08-24,2012,3,8,August,24,5,Friday,false
20120825,2012-08-25,2012,3,8,August,25,6,Saturday,true
20120826,2012-08-26,2012,3,8,August,26,7,Sunday,true
20120827,2012-08-27,2012,3,8,August,27,1,Monday,false
20120828,2012-08-28,2012,3,8,August,28,2,Tuesday,false
20120829,2012-08-29,2012,3,8,August,29,3,Wednesday,false
20120830,2012-08-30,2012,3,8,August,30,4,Thursday,false
20120831,2012-08-31,2012,3,8,August,31,5,Friday,false
20120901,2012-09-01,2012,3,9,September,1,6,Saturday,true
20120902,2012-09-02,2012,3,9,September,2,7,Sunday,true
20120903,2012-09-03,2012,3,9,September,3,1,Monday,false
20120904,2012-09-04,2012,3,9,September,4,2,Tuesday,false
20120905,2012-09-05,2012,3,9,September,5,3,Wednesday,false
20120906,2012-09-06,2012,3,9,September,6,4,Thursday,false
20120907,2012-09-07,2012,3,9,September,7,5,Friday,false
20120908,2012-09-08,2012,3,9,September,8,6,Saturday,true
20120909,2012-09-09,2012,3,9,September,9,7,Sunday,true
20120910,2012-09-10,2012,3,9,September,10,1,Monday,false
20120911,2012-09-11,2012,3,9,September,11,2,Tuesday,false
20120912,2012-09-12,2012,3,9,September,12,3,Wednesday,false
20120913,2012-09-13,2012,3,9,September,13,4,Thursday,false
20120914,2012-09-14,2012,3,9,September,14,5,Friday,false
20120915,2012-09-15,2012,3,9,September,15,6,Saturday,true
20120916,2012-09-16,2012,3,9,September,16,7,Sunday,true
20120917,2012-09-17,2012,3,9,September,17,1,Monday,false
20120918,2012-09-18,2012,3,9,September,18,2,Tuesday,false
20120919,2012-09-19,2012,3,9,September,19,3,Wednesday,false
20120920,2012-09-20,2012,3,9,September,20,4,Thursday,false
20120921,2012-09-21,2012,3,9,September,21,5,Friday,false
20120922,2012-09-22,2012,3,9,September,22,6,Saturday,true
20120923,2012-09-23,2012,3,9,September,23,7,Sunday,true
20120924,2012-09-24,2012,3,9,September,24,1,Monday,false
20120925,2012-09-25,2012,3,9,September,25,2,Tuesday,false
20120926,2012-09-26,2012,3,9,September,26,3,Wednesday,false
20120927,2012-09-27,2012,3,9,September,27,4,Thursday,false
20120928,2012-09-28,2012,3,9,September,28,5,Friday,false
20120929,2012-09-29,2012,3,9,September,29,6,Saturday,true
20120930,2012-09-30,2012,3,9,September,30,7,Sunday,true
20121001,2012-10-01,2012,4,10,October,1,1,Monday,false
20121002,2012-10-02,2012,4,10,October,2,2,Tuesday,false
20121003,2012-10-03,2012,4,10,October,3,3,Wednesday,false
20121004,2012-10-04,2012,4,10,October,4,4,Thursday,false
20121005,2012-10-05,2012,4,10,October,5,5,Friday,false
20121006,2012-10-06,2012,4,10,October,6,6,Saturday,true
20121007,2012-10-07,2012,4,10,October,7,7,Sunday,true
20121008,2012-10-08,2012,4,10,October,8,1,Monday,false
20121009,2012-10-09,2012,4,10,October,9,2,Tuesday,false
20121010,2012-10-10,2012,4,10,October,10,3,Wednesday,false
20121011,2012-10-11,2012,4,10,October,11,4,Thursday,false
20121012,2012-10-12,2012,4,10,October,12,5,Friday,false
20121013,2012-10-13,2012,4,10,October,13,6,Saturday,true
20121014,2012-10-14,2012,4,10,October,14,7,Sunday,true
20121015,2012-10-15,2012,4,10,October,15,1,Monday,false
20121016,2012-10-16,2012,4,10,October,16,2,Tuesday,false
20121017,2012-10-17,2012,4,10,October,17,3,Wednesday,false
20121018,2012-10-18,2012,4,10,October,18,4,Thursday,false
20121019,2012-10-19,2012,4,10,October,19,5,Friday,false
20121020,2012-10-20,2012,4,10,October,20,6,Saturday,true
20121021,2012-10-21,2012,4,10,October,21,7,Sunday,true
20121022,2012-10-22,2012,4,10,October,22,1,Monday,false
20121023,2012-10-23,2012,4,10,October,23,2,Tuesday,false
20121024,2012-10-24,2012,4,10,October,24,3,Wednesday,false
20121025,2012-10-25,2012,4,10,October,25,4,Thursday,false
20121026,2012-10-26,2012,4,10,October,26,5,Friday,false
20121027,2012-10-27,2012,4,10,October,27,6,Saturday,true
20121028,2012-10-28,2012,4,10,October,28,7,Sunday,true
20121029,2012-10-29,2012,4,10,October,29,1,Monday,false
20121030,2012-10-30,2012,4,10,October,30,2,Tuesday,false
20121031,2012-10-31,2012,4,10,October,31,3,Wednesday,false
20121101,2012-11-01,2012,4,11,November,1,4,Thursday,false
20121102,2012-11-02,2012,4,11,November,2,5,Friday,false
20121103,2012-11-03,2012,4,11,November,3,6,Saturday,true
20121104,2012-11-04,2012,4,11,November,4,7,Sunday,true
20121105,2012-11-05,2012,4,11,November,5,1,Monday,false
20121106,2012-11-06,2012,4,11,November,6,2,Tuesday,false
20121107,2012-11-07,2012,4,11,November,7,3,Wednesday,false
20121108,2012-11-08,2012,4,11,November,8,4,Thursday,false
20121109,2012-11-09,2012,4,11,November,9,5,Friday,false
20121110,2012-11-10,2012,4,11,November,10,6,Saturday,true
20121111,2012-11-11,2012,4,11,November,11,7,Sunday,true
20121112,2012-11-12,2012,4,11,November,12,1,Monday,false
20121113,2012-11-13,2012,4,11,November,13,2,Tuesday,false
20121114,2012-11-14,2012,4,11,November,14,3,Wednesday,false
20121115,2012-11-15,2012,4,11,November,15,4,Thursday,false
20121116,2012-11-16,2012,4,11,November,16,5,Friday,false
20121117,2012-11-17,2012,4,11,November,17,6,Saturday,true
20121118,2012-11-18,2012,4,11,November,18,7,Sunday,true
20121119,2012-11-19,2012,4,11,November,19,1,Monday,false
20121120,2012-11-20,2012,4,11,November,20,2,Tuesday,false
20121121,2012-11-21,2012,4,11,November,21,3,Wednesday,false
20121122,2012-11-22,2012,4,11,November,22,4,Thursday,false
20121123,2012-11-23,2012,4,11,November,23,5,Friday,false
20121124,2012-11-24,2012,4,11,November,24,6,Saturday,true
20121125,2012-11-25,2012,4,11,November,25,7,Sunday,true
20121126,2012-11-26,2012,4,11,November,26,1,Monday,false
20121127,2012-11-27,2012,4,11,November,27,2,Tuesday,false
20121128,2012-11-28,2012,4,11,November,28,3,Wednesday,false
20121129,2012-11-29,2012,4,11,November,29,4,Thursday,false
20121130,2012-11-30,2012,4,11,November,30,5,Friday,false
20121201,2012-12-01,2012,4,12,December,1,6,Saturday,true
20121202,2012-12-02,2012,4,12,December,2,7,Sunday,true
20121203,2012-12-03,2012,4,12,December,3,1,Monday,false
20121204,2012-12-04,2012,4,12,December,4,2,Tuesday,false
20121205,2012-12-05,2012,4,12,December,5,3,Wednesday,false
20121206,2012-12-06,2012,4,12,December,6,4,Thursday,false
20121207,2012-12-07,2012,4,12,December,7,5,Friday,false
20121208,2012-12-08,2012,4,12,December,8,6,Saturday,true
20121209,2012-12-09,2012,4,12,December,9,7,Sunday,true
20121210,2012-12-10,2012,4,12,December,10,1,Monday,false
20121211,2012-12-11,2012,4,12,December,11,2,Tuesday,false
20121212,2012-12-12,2012,4,12,December,12,3,Wednesday,false
20121213,2012-12-13,2012,4,12,December,13,4,Thursday,false
20121214,2012-12-14,2012,4,12,December,14,5,Friday,false
20121215,2012-12-15,2012,4,12,December,15,6,Saturday,true
20121216,2012-12-16,2012,4,12,December,16,7,Sunday,true
20121217,2012-12-17,2012,4,12,December,17,1,Monday,false
20121218,2012-12-18,2012,4,12,December,18,2,Tuesday,false
20121219,2012-12-19,2012,4,12,December,19,3,Wednesday,false
20121220,2012-12-20,2012,4,12,December,20,4,Thursday,false
20121221,2012-12-21,2012,4,12,December,21,5,Friday,false
20121222,2012-12-22,2012,4,12,December,22,6,Saturday,true
20121223,2012-12-23,2012,4,12,December,23,7,Sunday,true
20121224,2012-12-24,2012,4,12,December,24,1,Monday,false
20121225,2012-12-25,2012,4,12,December,25,2,Tuesday,false
20121226,2012-12-26,2012,4,12,December,26,3,Wednesday,false
20121227,2012-12-27,2012,4,12,December,27,4,Thursday,false
20121228,2012-12-28,2012,4,12,December,28,5,Friday,false
20121229,2012-12-29,2012,4,12,December,29,6,Saturday,true
20121230,2012-12-30,2012,4,12,December,30,7,Sunday,true
20121231,2012-12-31,2012,4,12,December,31,1,Monday,false
20130101,2013-01-01,2013,1,1,January,1,2,Tuesday,false
20130102,2013-01-02,2013,1,1,January,2,3,Wednesday,false
20130103,2013-01-03,2013,1,1,January,3,4,Thursday,false
20130104,2013-01-04,2013,1,1,January,4,5,Friday,false
20130105,2013-01-05,2013,1,1,January,5,6,Saturday,true
20130106,2013-01-06,2013,1,1,January,6,7,Sunday,true
20130107,2013-01-07,2013,1,1,January,7,1,Monday,false
20130108,2013-01-08,2013,1,1,January,8,2,Tuesday,false
20130109,2013-01-09,2013,1,1,January,9,3,Wednesday,false
20130110,2013-01-10,2013,1,1,January,10,4,Thursday,false
20130111,2013-01-11,2013,1,1,January,11,5,Friday,false
20130112,2013-01-12,2013,1,1,January,12,6,Saturday,true
20130113,2013-01-13,2013,1,1,January,13,7,Sunday,true
20130114,2013-01-14,2013,1,1,January,14,1,Monday,false
20130115,2013-01-15,2013,1,1,January,15,2,Tuesday,false
20130116,2013-01-16,2013,1,1,January,16,3,Wednesday,false
20130117,2013-01-17,2013,1,1,January,17,4,Thursday,false
20130118,2013-01-18,2013,1,1,January,18,5,Friday,false
20130119,2013-01-19,2013,1,1,January,19,6,Saturday,true
20130120,2013-01-20,2013,1,1,January,20,7,Sunday,true
20130121,2013-01-21,2013,1,1,January,21,1,Monday,false
20130122,2013-01-22,2013,1,1,January,22,2,Tuesday,false
20130123,2013-01-23,2013,1,1,January,23,3,Wednesday,false
20130124,2013-01-24,2013,1,1,January,24,4,Thursday,false
20130125,2013-01-25,2013,1,1,January,25,5,Friday,false
20130126,2013-01-26,2013,1,1,January,26,6,Saturday,true
20130127,2013-01-27,2013,1,1,January,27,7,Sunday,true
20130128,2013-01-28,2013,1,1,January,28,1,Monday,false
20130129,2013-01-29,2013,1,1,January,29,2,Tuesday,false
20130130,2013-01-30,2013,1,1,January,30,3,Wednesday,false
20130131,2013-01-31,2013,1,1,January,31,4,Thursday,false
20130201,2013-02-01,2013,1,2,February,1,5,Friday,false
20130202,2013-02-02,2013,1,2,February,2,6,Saturday,true
20130203,2013-02-03,2013,1,2,February,3,7,Sunday,true
20130204,2013-02-04,2013,1,2,February,4,1,Monday,false
20130205,2013-02-05,2013,1,2,February,5,2,Tuesday,false
20130206,2013-02-06,2013,1,2,February,6,3,Wednesday,false
20130207,2013-02-07,2013,1,2,February,7,4,Thursday,false
20130208,2013-02-08,2013,1,2,February,8,5,Friday,false
20130209,2013-02-09,2013,1,2,February,9,6,Saturday,true
20130210,2013-02-10,2013,1,2,February,10,7,Sunday,true
20130211,2013-02-11,2013,1,2,February,11,1,Monday,false
20130212,2013-02-12,2013,1,2,February,12,2,Tuesday,false
20130213,2013-02-13,2013,1,2,February,13,3,Wednesday,false
20130214,2013-02-14,2013,1,2,February,14,4,Thursday,false
20130215,2013-02-15,2013,1,2,February,15,5,Friday,false
20130216,2013-02-16,2013,1,2,February,16,6,Saturday,true
20130217,2013-02-17,2013,1,2,February,17,7,Sunday,true
20130218,2013-02-18,2013,1,2,February,18,1,Monday,false
20130219,2013-02-19,2013,1,2,February,19,2,Tuesday,false
20130220,2013-02-20,2013,1,2,February,20,3,Wednesday,false
20130221,2013-02-21,2013,1,2,February,21,4,Thursday,false
20130222,2013-02-22,2013,1,2,February,22,5,Friday,false
20130223,2013-02-23,2013,1,2,February,23,6,Saturday,true
20130224,2013-02-24,2013,1,2,February,24,7,Sunday,true
20130225,2013-02-25,2013,1,2,February,25,1,Monday,false
20130226,2013-02-26,2013,1,2,February,26,2,Tuesday,false
20130227,2013-02-27,2013,1,2,February,27,3,Wednesday,false
20130228,2013-02-28,2013,1,2,February,28,4,Thursday,false
20130301,2013-03-01,2013,1,3,March,1,5,Friday,false
20130302,2013-03-02,2013,1,3,March,2,6,Saturday,true
20130303,2013-03-03,2013,1,3,March,3,7,Sunday,true
20130304,2013-03-04,2013,1,3,March,4,1,Monday,false
20130305,2013-03-05,2013,1,3,March,5,2,Tuesday,false
20130306,2013-03-06,2013,1,3,March,6,3,Wednesday,false
20130307,2013-03-07,2013,1,3,March,7,4,Thursday,false
20130308,2013-03-08,2013,1,3,March,8,5,Friday,false
20130309,2013-03-09,2013,1,3,March,9,6,Saturday,true
20130310,2013-03-10,2013,1,3,March,10,7,Sunday,true
20130311,2013-03-11,2013,1,3,March,11,1,Monday,false
20130312,2013-03-12,2013,1,3,March,12,2,Tuesday,false
20130313,2013-03-13,2013,1,3,March,13,3,Wednesday,false
20130314,2013-03-14,2013,1,3,March,14,4,Thursday,false
20130315,2013-03-15,2013,1,3,March,15,5,Friday,false
20130316,2013-03-16,2013,1,3,March,16,6,Saturday,true
20130317,2013-03-17,2013,1,3,March,17,7,Sunday,true
20130318,2013-03-18,2013,1,3,March,18,1,Monday,false
20130319,2013-03-19,2013,1,3,March,19,2,Tuesday,false
20130320,2013-03-20,2013,1,3,March,20,3,Wednesday,false
20130321,2013-03-21,2013,1,3,March,21,4,Thursday,false
20130322,2013-03-22,2013,1,3,March,22,5,Friday,false
20130323,2013-03-23,2013,1,3,March,23,6,Saturday,true
20130324,2013-03-24,2013,1,3,March,24,7,Sunday,true
20130325,2013-03-25,2013,1,3,March,25,1,Monday,false
20130326,2013-03-26,2013,1,3,March,26,2,Tuesday,false
20130327,2013-03-27,2013,1,3,March,27,3,Wednesday,false
20130328,2013-03-28,2013,1,3,March,28,4,Thursday,false
20130329,2013-03-29,2013,1,3,March,29,5,Friday,false
20130330,2013-03-30,2013,1,3,March,30,6,Saturday,true
20130331,2013-03-31,2013,1,3,March,31,7,Sunday,true
20130401,2013-04-01,2013,2,4,April,1,1,Monday,false
20130402,2013-04-02,2013,2,4,April,2,2,Tuesday,false
20130403,2013-04-03,2013,2,4,April,3,3,Wednesday,false
20130404,2013-04-04,2013,2,4,April,4,4,Thursday,false
20130405,2013-04-05,2013,2,4,April,5,5,Friday,false
20130406,2013-04-06,2013,2,4,April,6,6,Saturday,true
20130407,2013-04-07,2013,2,4,April,7,7,Sunday,true
20130408,2013-04-08,2013,2,4,April,8,1,Monday,false
20130409,2013-04-09,2013,2,4,April,9,2,Tuesday,false
20130410,2013-04-10,2013,2,4,April,10,3,Wednesday,false
20130411,2013-04-11,2013,2,4,April,11,4,Thursday,false
20130412,2013-04-12,2013,2,4,April,12,5,Friday,false
20130413,2013-04-13,2013,2,4,April,13,6,Saturday,true
20130414,2013-04-14,2013,2,4,April,14,7,Sunday,true
20130415,2013-04-15,2013,2,4,April,15,1,Monday,false
20130416,2013-04-16,2013,2,4,April,16,2,Tuesday,false
20130417,2013-04-17,2013,2,4,April,17,3,Wednesday,false
20130418,2013-04-18,2013,2,4,April,18,4,Thursday,false
20130419,2013-04-19,2013,2,4,April,19,5,Friday,false
20130420,2013-04-20,2013,2,4,April,20,6,Saturday,true
20130421,2013-04-21,2013,2,4,April,21,7,Sunday,true
20130422,2013-04-22,2013,2,4,April,22,1,Monday,false
20130423,2013-04-23,2013,2,4,April,23,2,Tuesday,false
20130424,2013-04-24,2013,2,4,April,24,3,Wednesday,false
20130425,2013-04-25,2013,2,4,April,25,4,Thursday,false
20130426,2013-04-26,2013,2,4,April,26,5,Friday,false
20130427,2013-04-27,2013,2,4,April,27,6,Saturday,true
20130428,2013-04-28,2013,2,4,April,28,7,Sunday,true
20130429,2013-04-29,2013,2,4,April,29,1,Monday,false
20130430,2013-04-30,2013,2,4,April,30,2,Tuesday,false
20130501,2013-05-01,2013,2,5,May,1,3,Wednesday,false
20130502,2013-05-02,2013,2,5,May,2,4,Thursday,false
20130503,2013-05-03,2013,2,5,May,3,5,Friday,false
20130504,2013-05-04,2013,2,5,May,4,6,Saturday,true
20130505,2013-05-05,2013,2,5,May,5,7,Sunday,true
20130506,2013-05-06,2013,2,5,May,6,1,Monday,false
20130507,2013-05-07,2013,2,5,May,7,2,Tuesday,false
20130508,2013-05-08,2013,2,5,May,8,3,Wednesday,false
20130509,2013-05-09,2013,2,5,May,9,4,Thursday,false
20130510,2013-05-10,2013,2,5,May,10,5,Friday,false
20130511,2013-05-11,2013,2,5,May,11,6,Saturday,true
20130512,2013-05-12,2013,2,5,May,12,7,Sunday,true
20130513,2013-05-13,2013,2,5,May,13,1,Monday,false
20130514,2013-05-14,2013,2,5,May,14,2,Tuesday,false
20130515,2013-05-15,2013,2,5,May,15,3,Wednesday,false
20130516,2013-05-16,2013,2,5,May,16,4,Thursday,false
20130517,2013-05-17,2013,2,5,May,17,5,Friday,false
20130518,2013-05-18,2013,2,5,May,18,6,Saturday,true
20130519,2013-05-19,2013,2,5,May,19,7,Sunday,true
20130520,2013-05-20,2013,2,5,May,20,1,Monday,false
20130521,2013-05-21,2013,2,5,May,21,2,Tuesday,false
20130522,2013-05-22,2013,2,5,May,22,3,Wednesday,false
20130523,2013-05-23,2013,2,5,May,23,4,Thursday,false
20130524,2013-05-24,2013,2,5,May,24,5,Friday,false
20130525,2013-05-25,2013,2,5,May,25,6,Saturday,true
20130526,2013-05-26,2013,2,5,May,26,7,Sunday,true
20130527,2013-05-27,2013,2,5,May,27,1,Monday,false
20130528,2013-05-28,2013,2,5,May,28,2,Tuesday,false
20130529,2013-05-29,2013,2,5,May,29,3,Wednesday,false
20130530,2013-05-30,2013,2,5,May,30,4,Thursday,false
20130531,2013-05-31,2013,2,5,May,31,5,Friday,false
20130601,2013-06-01,2013,2,6,June,1,6,Saturday,true
20130602,2013-06-02,2013,2,6,June,2,7,Sunday,true
20130603,2013-06-03,2013,2,6,June,3,1,Monday,false
20130604,2013-06-04,2013,2,6,June,4,2,Tuesday,false
20130605,2013-06-05,2013,2,6,June,5,3,Wednesday,false
20130606,2013-06-06,2013,2,6,June,6,4,Thursday,false
20130607,2013-06-07,2013,2,6,June,7,5,Friday,false
20130608,2013-06-08,2013,2,6,June,8,6,Saturday,true
20130609,2013-06-09,2013,2,6,June,9,7,Sunday,true
20130610,2013-06-10,2013,2,6,June,10,1,Monday,false
20130611,2013-06-11,2013,2,6,June,11,2,Tuesday,false
20130612,2013-06-12,2013,2,6,June,12,3,Wednesday,false
20130613,2013-06-13,2013,2,6,June,13,4,Thursday,false
20130614,2013-06-14,2013,2,6,June,14,5,Friday,false
20130615,2013-06-15,2013,2,6,June,15,6,Saturday,true
20130616,2013-06-16,2013,2,6,June,16,7,Sunday,true
20130617,2013-06-17,2013,2,6,June,17,1,Monday,false
20130618,2013-06-18,2013,2,6,June,18,2,Tuesday,false
20130619,2013-06-19,2013,2,6,June,19,3,Wednesday,false
20130620,2013-06-20,2013,2,6,June,20,4,Thursday,false
20130621,2013-06-21,2013,2,6,June,21,5,Friday,false
20130622,2013-06-22,2013,2,6,June,22,6,Saturday,true
20130623,2013-06-23,2013,2,6,June,23,7,Sunday,true
20130624,2013-06-24,2013,2,6,June,24,1,Monday,false
20130625,2013-06-25,2013,2,6,June,25,2,Tuesday,false
20130626,2013-06-26,2013,2,6,June,26,3,Wednesday,false
20130627,2013-06-27,2013,2,6,June,27,4,Thursday,false
20130628,2013-06-28,2013,2,6,June,28,5,Friday,false
20130629,2013-06-29,2013,2,6,June,29,6,Saturday,true
20130630,2013-06-30,2013,2,6,June,30,7,Sunday,true
20130701,2013-07-01,2013,3,7,July,1,1,Monday,false
20130702,2013-07-02,2013,3,7,July,2,2,Tuesday,false
20130703,2013-07-03,2013,3,7,July,3,3,Wednesday,false
20130704,2013-07-04,2013,3,7,July,4,4,Thursday,false
20130705,2013-07-05,2013,3,7,July,5,5,Friday,false
20130706,2013-07-06,2013,3,7,July,6,6,Saturday,true
20130707,2013-07-07,2013,3,7,July,7,7,Sunday,true
20130708,2013-07-08,2013,3,7,July,8,1,Monday,false
20130709,2013-07-09,2013,3,7,July,9,2,Tuesday,false
20130710,2013-07-10,2013,3,7,July,10,3,Wednesday,false
20130711,2013-07-11,2013,3,7,July,11,4,Thursday,false
20130712,2013-07-12,2013,3,7,July,12,5,Friday,false
20130713,2013-07-13,2013,3,7,July,13,6,Saturday,true
20130714,2013-07-14,2013,3,7,July,14,7,Sunday,true
20130715,2013-07-15,2013,3,7,July,15,1,Monday,false
20130716,2013-07-16,2013,3,7,July,16,2,Tuesday,false
20130717,2013-07-17,2013,3,7,July,17,3,Wednesday,false
20130718,2013-07-18,2013,3,7,July,18,4,Thursday,false
20130719,2013-07-19,2013,3,7,July,19,5,Friday,false
20130720,2013-07-20,2013,3,7,July,20,6,Saturday,true
20130721,2013-07-21,2013,3,7,July,21,7,Sunday,true
20130722,2013-07-22,2013,3,7,July,22,1,Monday,false
20130723,2013-07-23,2013,3,7,July,23,2,Tuesday,false
20130724,2013-07-24,2013,3,7,July,24,3,Wednesday,false
20130725,2013-07-25,2013,3,7,July,25,4,Thursday,false
20130726,2013-07-26,2013,3,7,July,26,5,Friday,false
20130727,2013-07-27,2013,3,7,July,27,6,Saturday,true
20130728,2013-07-28,2013,3,7,July,28,7,Sunday,true
20130729,2013-07-29,2013,3,7,July,29,1,Monday,false
20130730,2013-07-30,2013,3,7,July,30,2,Tuesday,false
20130731,2013-07-31,2013,3,7,July,31,3,Wednesday,false
20130801,2013-08-01,2013,3,8,August,1,4,Thursday,false
20130802,2013-08-02,2013,3,8,August,2,5,Friday,false
20130803,2013-08-03,2013,3,8,August,3,6,Saturday,true
20130804,2013-08-04,2013,3,8,August,4,7,Sunday,true
20130805,2013-08-05,2013,3,8,August,5,1,Monday,false
20130806,2013-08-06,2013,3,8,August,6,2,Tuesday,false
20130807,2013-08-07,2013,3,8,August,7,3,Wednesday,false
20130808,2013-08-08,2013,3,8,August,8,4,Thursday,false
20130809,2013-08-09,2013,3,8,August,9,5,Friday,false
20130810,2013-08-10,2013,3,8,August,10,6,Saturday,true
20130811,2013-08-11,2013,3,8,August,11,7,Sunday,true
20130812,2013-08-12,2013,3,8,August,12,1,Monday,false
20130813,2013-08-13,2013,3,8,August,13,2,Tuesday,false
20130814,2013-08-14,2013,3,8,August,14,3,Wednesday,false
20130815,2013-08-15,2013,3,8,August,15,4,Thursday,false
20130816,2013-08-16,2013,3,8,August,16,5,Friday,false
20130817,2013-08-17,2013,3,8,August,17,6,Saturday,true
20130818,2013-08-18,2013,3,8,August,18,7,Sunday,true
20130819,2013-08-19,2013,3,8,August,19,1,Monday,false
20130820,2013-08-20,2013,3,8,August,20,2,Tuesday,false
20130821,2013-08-21,2013,3,8,August,21,3,Wednesday,false
20130822,2013-08-22,2013,3,8,August,22,4,Thursday,false
20130823,2013-08-23,2013,3,8,August,23,5,Friday,false
20130824,2013-08-24,2013,3,8,August,24,6,Saturday,true
20130825,2013-08-25,2013,3,8,August,25,7,Sunday,true
20130826,2013-08-26,2013,3,8,August,26,1,Monday,false
20130827,2013-08-27,2013,3,8,August,27,2,Tuesday,false
20130828,2013-08-28,2013,3,8,August,28,3,Wednesday,false
20130829,2013-08-29,2013,3,8,August,29,4,Thursday,false
20130830,2013-08-30,2013,3,8,August,30,5,Friday,false
20130831,2013-08-31,2013,3,8,August,31,6,Saturday,true
20130901,2013-09-01,2013,3,9,September,1,7,Sunday,true
20130902,2013-09-02,2013,3,9,September,2,1,Monday,false
20130903,2013-09-03,2013,3,9,September,3,2,Tuesday,false
20130904,2013-09-04,2013,3,9,September,4,3,Wednesday,false
20130905,2013-09-05,2013,3,9,September,5,4,Thursday,false
20130906,2013-09-06,2013,3,9,September,6,5,Friday,false
20130907,2013-09-07,2013,3,9,September,7,6,Saturday,true
20130908,2013-09-08,2013,3,9,September,8,7,Sunday,true
20130909,2013-09-09,2013,3,9,September,9,1,Monday,false
20130910,2013-09-10,2013,3,9,September,10,2,Tuesday,false
20130911,2013-09-11,2013,3,9,September,11,3,Wednesday,false
20130912,2013-09-12,2013,3,9,September,12,4,Thursday,false
20130913,2013-09-13,2013,3,9,September,13,5,Friday,false
20130914,2013-09-14,2013,3,9,September,14,6,Saturday,true
20130915,2013-09-15,2013,3,9,September,15,7,Sunday,true
20130916,2013-09-16,2013,3,9,September,16,1,Monday,false
20130917,2013-09-17,2013,3,9,September,17,2,Tuesday,false
20130918,2013-09-18,2013,3,9,September,18,3,Wednesday,false
20130919,2013-09-19,2013,3,9,September,19,4,Thursday,false
20130920,2013-09-20,2013,3,9,September,20,5,Friday,false
20130921,2013-09-21,2013,3,9,September,21,6,Saturday,true
20130922,2013-09-22,2013,3,9,September,22,7,Sunday,true
20130923,2013-09-23,2013,3,9,September,23,1,Monday,false
20130924,2013-09-24,2013,3,9,September,24,2,Tuesday,false
20130925,2013-09-25,2013,3,9,September,25,3,Wednesday,false
20130926,2013-09-26,2013,3,9,September,26,4,Thursday,false
20130927,2013-09-27,2013,3,9,September,27,5,Friday,false
20130928,2013-09-28,2013,3,9,September,28,6,Saturday,true
20130929,2013-09-29,2013,3,9,September,29,7,Sunday,true
20130930,2013-09-30,2013,3,9,September,30,1,Monday,false
20131001,2013-10-01,2013,4,10,October,1,2,Tuesday,false
20131002,2013-10-02,2013,4,10,October,2,3,Wednesday,false
20131003,2013-10-03,2013,4,10,October,3,4,Thursday,false
20131004,2013-10-04,2013,4,10,October,4,5,Friday,false
20131005,2013-10-05,2013,4,10,October,5,6,Saturday,true
20131006,2013-10-06,2013,4,10,October,6,7,Sunday,true
20131007,2013-10-07,2013,4,10,October,7,1,Monday,false
20131008,2013-10-08,2013,4,10,October,8,2,Tuesday,false
20131009,2013-10-09,2013,4,10,October,9,3,Wednesday,false
20131010,2013-10-10,2013,4,10,October,10,4,Thursday,false
20131011,2013-10-11,2013,4,10,October,11,5,Friday,false
20131012,2013-10-12,2013,4,10,October,12,6,Saturday,true
20131013,2013-10-13,2013,4,10,October,13,7,Sunday,true
20131014,2013-10-14,2013,4,10,October,14,1,Monday,false
20131015,2013-10-15,2013,4,10,October,15,2,Tuesday,false
20131016,2013-10-16,2013,4,10,October,16,3,Wednesday,false
20131017,2013-10-17,2013,4,10,October,17,4,Thursday,false
20131018,2013-10-18,2013,4,10,October,18,5,Friday,false
20131019,2013-10-19,2013,4,10,October,19,6,Saturday,true
20131020,2013-10-20,2013,4,10,October,20,7,Sunday,true
20131021,2013-10-21,2013,4,10,October,21,1,Monday,false
20131022,2013-10-22,2013,4,10,October,22,2,Tuesday,false
20131023,2013-10-23,2013,4,10,October,23,3,Wednesday,false
20131024,2013-10-24,2013,4,10,October,24,4,Thursday,false
20131025,2013-10-25,2013,4,10,October,25,5,Friday,false
20131026,2013-10-26,2013,4,10,October,26,6,Saturday,true
20131027,2013-10-27,2013,4,10,October,27,7,Sunday,true
20131028,2013-10-28,2013,4,10,October,28,1,Monday,false
20131029,2013-10-29,2013,4,10,October,29,2,Tuesday,false
20131030,2013-10-30,2013,4,10,October,30,3,Wednesday,false
20131031,2013-10-31,2013,4,10,October,31,4,Thursday,false
20131101,2013-11-01,2013,4,11,November,1,5,Friday,false
20131102,2013-11-02,2013,4,11,November,2,6,Saturday,true
20131103,2013-11-03,2013,4,11,November,3,7,Sunday,true
20131104,2013-11-04,2013,4,11,November,4,1,Monday,false
20131105,2013-11-05,2013,4,11,November,5,2,Tuesday,false
20131106,2013-11-06,2013,4,11,November,6,3,Wednesday,false
20131107,2013-11-07,2013,4,11,November,7,4,Thursday,false
20131108,2013-11-08,2013,4,11,November,8,5,Friday,false
20131109,2013-11-09,2013,4,11,November,9,6,Saturday,true
20131110,2013-11-10,2013,4,11,November,10,7,Sunday,true
20131111,2013-11-11,2013,4,11,November,11,1,Monday,false
20131112,2013-11-12,2013,4,11,November,12,2,Tuesday,false
20131113,2013-11-13,2013,4,11,November,13,3,Wednesday,false
20131114,2013-11-14,2013,4,11,November,14,4,Thursday,false
20131115,2013-11-15,2013,4,11,November,15,5,Friday,false
20131116,2013-11-16,2013,4,11,November,16,6,Saturday,true
20131117,2013-11-17,2013,4,11,November,17,7,Sunday,true
20131118,2013-11-18,2013,4,11,November,18,1,Monday,false
20131119,2013-11-19,2013,4,11,November,19,2,Tuesday,false
20131120,2013-11-20,2013,4,11,November,20,3,Wednesday,false
20131121,2013-11-21,2013,4,11,November,21,4,Thursday,false
20131122,2013-11-22,2013,4,11,November,22,5,Friday,false
20131123,2013-11-23,2013,4,11,November,23,6,Saturday,true
20131124,2013-11-24,2013,4,11,November,24,7,Sunday,true
20131125,2013-11-25,2013,4,11,November,25,1,Monday,false
20131126,2013-11-26,2013,4,11,November,26,2,Tuesday,false
20131127,2013-11-27,2013,4,11,November,27,3,Wednesday,false
20131128,2013-11-28,2013,4,11,November,28,4,Thursday,false
20131129,2013-11-29,2013,4,11,November,29,5,Friday,false
20131130,2013-11-30,2013,4,11,November,30,6,Saturday,true
20131201,2013-12-01,2013,4,12,December,1,7,Sunday,true
20131202,2013-12-02,2013,4,12,December,2,1,Monday,false
20131203,2013-12-03,2013,4,12,December,3,2,Tuesday,false
20131204,2013-12-04,2013,4,12,December,4,3,Wednesday,false
20131205,2013-12-05,2013,4,12,December,5,4,Thursday,false
20131206,2013-12-06,2013,4,12,December,6,5,Friday,false
20131207,2013-12-07,2013,4,12,December,7,6,Saturday,true
20131208,2013-12-08,2013,4,12,December,8,7,Sunday,true
20131209,2013-12-09,2013,4,12,December,9,1,Monday,false
20131210,2013-12-10,2013,4,12,December,10,2,Tuesday,false
20131211,2013-12-11,2013,4,12,December,11,3,Wednesday,false
20131212,2013-12-12,2013,4,12,December,12,4,Thursday,false
20131213,2013-12-13,2013,4,12,December,13,5,Friday,false
20131214,2013-12-14,2013,4,12,December,14,6,Saturday,true
20131215,2013-12-15,2013,4,12,December,15,7,Sunday,true
20131216,2013-12-16,2013,4,12,December,16,1,Monday,false
20131217,2013-12-17,2013,4,12,December,17,2,Tuesday,false
20131218,2013-12-18,2013,4,12,December,18,3,Wednesday,false
20131219,2013-12-19,2013,4,12,December,19,4,Thursday,false
20131220,2013-12-20,2013,4,12,December,20,5,Friday,false
20131221,2013-12-21,2013,4,12,December,21,6,Saturday,true
20131222,2013-12-22,2013,4,12,December,22,7,Sunday,true
20131223,2013-12-23,2013,4,12,December,23,1,Monday,false
20131224,2013-12-24,2013,4,12,December,24,2,Tuesday,false
20131225,2013-12-25,2013,4,12,December,25,3,Wednesday,false
20131226,2013-12-26,2013,4,12,December,26,4,Thursday,false
20131227,2013-12-27,2013,4,12,December,27,5,Friday,false
20131228,2013-12-28,2013,4,12,December,28,6,Saturday,true
20131229,2013-12-29,2013,4,12,December,29,7,Sunday,true
20131230,2013-12-30,2013,4,12,December,30,1,Monday,false
20131231,2013-12-31,2013,4,12,December,31,2,Tuesday,false
20140101,2014-01-01,2014,1,1,January,1,3,Wednesday,false
20140102,2014-01-02,2014,1,1,January,2,4,Thursday,false
20140103,2014-01-03,2014,1,1,January,3,5,Friday,false
20140104,2014-01-04,2014,1,1,January,4,6,Saturday,true
20140105,2014-01-05,2014,1,1,January,5,7,Sunday,true
20140106,2014-01-06,2014,1,1,January,6,1,Monday,false
20140107,2014-01-07,2014,1,1,January,7,2,Tuesday,false
20140108,2014-01-08,2014,1,1,January,8,3,Wednesday,false
20140109,2014-01-09,2014,1,1,January,9,4,Thursday,false
20140110,2014-01-10,2014,1,1,January,10,5,Friday,false
20140111,2014-01-11,2014,1,1,January,11,6,Saturday,true
20140112,2014-01-12,2014,1,1,January,12,7,Sunday,true
20140113,2014-01-13,2014,1,1,January,13,1,Monday,false
20140114,2014-01-14,2014,1,1,January,14,2,Tuesday,false
20140115,2014-01-15,2014,1,1,January,15,3,Wednesday,false
20140116,2014-01-16,2014,1,1,January,16,4,Thursday,false
20140117,2014-01-17,2014,1,1,January,17,5,Friday,false
20140118,2014-01-18,2014,1,1,January,18,6,Saturday,true
20140119,2014-01-19,2014,1,1,January,19,7,Sunday,true
20140120,2014-01-20,2014,1,1,January,20,1,Monday,false
20140121,2014-01-21,2014,1,1,January,21,2,Tuesday,false
20140122,2014-01-22,2014,1,1,January,22,3,Wednesday,false
20140123,2014-01-23,2014,1,1,January,23,4,Thursday,false
20140124,2014-01-24,2014,1,1,January,24,5,Friday,false
20140125,2014-01-25,2014,1,1,January,25,6,Saturday,true
20140126,2014-01-26,2014,1,1,January,26,7,Sunday,true
20140127,2014-01-27,2014,1,1,January,27,1,Monday,false
20140128,2014-01-28,2014,1,1,January,28,2,Tuesday,false
20140129,2014-01-29,2014,1,1,January,29,3,Wednesday,false
20140130,2014-01-30,2014,1,1,January,30,4,Thursday,false
20140131,2014-01-31,2014,1,1,January,31,5,Friday,false
20140201,2014-02-01,2014,1,2,February,1,6,Saturday,true
20140202,2014-02-02,2014,1,2,February,2,7,Sunday,true
20140203,2014-02-03,2014,1,2,February,3,1,Monday,false
20140204,2014-02-04,2014,1,2,February,4,2,Tuesday,false
20140205,2014-02-05,2014,1,2,February,5,3,Wednesday,false
20140206,2014-02-06,2014,1,2,February,6,4,Thursday,false
20140207,2014-02-07,2014,1,2,February,7,5,Friday,false
20140208,2014-02-08,2014,1,2,February,8,6,Saturday,true
20140209,2014-02-09,2014,1,2,February,9,7,Sunday,true
20140210,2014-02-10,2014,1,2,February,10,1,Monday,false
20140211,2014-02-11,2014,1,2,February,11,2,Tuesday,false
20140212,2014-02-12,2014,1,2,February,12,3,Wednesday,false
20140213,2014-02-13,2014,1,2,February,13,4,Thursday,false
20140214,2014-02-14,2014,1,2,February,14,5,Friday,false
20140215,2014-02-15,2014,1,2,February,15,6,Saturday,true
20140216,2014-02-16,2014,1,2,February,16,7,Sunday,true
20140217,2014-02-17,2014,1,2,February,17,1,Monday,false
20140218,2014-02-18,2014,1,2,February,18,2,Tuesday,false
20140219,2014-02-19,2014,1,2,February,19,3,Wednesday,false
20140220,2014-02-20,2014,1,2,February,20,4,Thursday,false
20140221,2014-02-21,2014,1,2,February,21,5,Friday,false
20140222,2014-02-22,2014,1,2,February,22,6,Saturday,true
20140223,2014-02-23,2014,1,2,February,23,7,Sunday,true
20140224,2014-02-24,2014,1,2,February,24,1,Monday,false
20140225,2014-02-25,2014,1,2,February,25,2,Tuesday,false
20140226,2014-02-26,2014,1,2,February,26,3,Wednesday,false
20140227,2014-02-27,2014,1,2,February,27,4,Thursday,false
20140228,2014-02-28,2014,1,2,February,28,5,Friday,false
20140301,2014-03-01,2014,1,3,March,1,6,Saturday,true
20140302,2014-03-02,2014,1,3,March,2,7,Sunday,true
20140303,2014-03-03,2014,1,3,March,3,1,Monday,false
20140304,2014-03-04,2014,1,3,March,4,2,Tuesday,false
20140305,2014-03-05,2014,1,3,March,5,3,Wednesday,false
20140306,2014-03-06,2014,1,3,March,6,4,Thursday,false
20140307,2014-03-07,2014,1,3,March,7,5,Friday,false
20140308,2014-03-08,2014,1,3,March,8,6,Saturday,true
20140309,2014-03-09,2014,1,3,March,9,7,Sunday,true
20140310,2014-03-10,2014,1,3,March,10,1,Monday,false
20140311,2014-03-11,2014,1,3,March,11,2,Tuesday,false
20140312,2014-03-12,2014,1,3,March,12,3,Wednesday,false
20140313,2014-03-13,2014,1,3,March,13,4,Thursday,false
20140314,2014-03-14,2014,1,3,March,14,5,Friday,false
20140315,2014-03-15,2014,1,3,March,15,6,Saturday,true
20140316,2014-03-16,2014,1,3,March,16,7,Sunday,true
20140317,2014-03-17,2014,1,3,March,17,1,Monday,false
20140318,2014-03-18,2014,1,3,March,18,2,Tuesday,false
20140319,2014-03-19,2014,1,3,March,19,3,Wednesday,false
20140320,2014-03-20,2014,1,3,March,20,4,Thursday,false
20140321,2014-03-21,2014,1,3,March,21,5,Friday,false
20140322,2014-03-22,2014,1,3,March,22,6,Saturday,true
20140323,2014-03-23,2014,1,3,March,23,7,Sunday,true
20140324,2014-03-24,2014,1,3,March,24,1,Monday,false
20140325,2014-03-25,2014,1,3,March,25,2,Tuesday,false
20140326,2014-03-26,2014,1,3,March,26,3,Wednesday,false
20140327,2014-03-27,2014,1,3,March,27,4,Thursday,false
20140328,2014-03-28,2014,1,3,March,28,5,Friday,false
20140329,2014-03-29,2014,1,3,March,29,6,Saturday,true
20140330,2014-03-30,2014,1,3,March,30,7,Sunday,true
20140331,2014-03-31,2014,1,3,March,31,1,Monday,false
20140401,2014-04-01,2014,2,4,April,1,2,Tuesday,false
20140402,2014-04-02,2014,2,4,April,2,3,Wednesday,false
20140403,2014-04-03,2014,2,4,April,3,4,Thursday,false
20140404,2014-04-04,2014,2,4,April,4,5,Friday,false
20140405,2014-04-05,2014,2,4,April,5,6,Saturday,true
20140406,2014-04-06,2014,2,4,April,6,7,Sunday,true
20140407,2014-04-07,2014,2,4,April,7,1,Monday,false
20140408,2014-04-08,2014,2,4,April,8,2,Tuesday,false
20140409,2014-04-09,2014,2,4,April,9,3,Wednesday,false
20140410,2014-04-10,2014,2,4,April,10,4,Thursday,false
20140411,2014-04-11,2014,2,4,April,11,5,Friday,false
20140412,2014-04-12,2014,2,4,April,12,6,Saturday,true
20140413,2014-04-13,2014,2,4,April,13,7,Sunday,true
20140414,2014-04-14,2014,2,4,April,14,1,Monday,false
20140415,2014-04-15,2014,2,4,April,15,2,Tuesday,false
20140416,2014-04-16,2014,2,4,April,16,3,Wednesday,false
20140417,2014-04-17,2014,2,4,April,17,4,Thursday,false
20140418,2014-04-18,2014,2,4,April,18,5,Friday,false
20140419,2014-04-19,2014,2,4,April,19,6,Saturday,true
20140420,2014-04-20,2014,2,4,April,20,7,Sunday,true
20140421,2014-04-21,2014,2,4,April,21,1,Monday,false
20140422,2014-04-22,2014,2,4,April,22,2,Tuesday,false
20140423,2014-04-23,2014,2,4,April,23,3,Wednesday,false
20140424,2014-04-24,2014,2,4,April,24,4,Thursday,false
20140425,2014-04-25,2014,2,4,April,25,5,Friday,false
20140426,2014-04-26,2014,2,4,April,26,6,Saturday,true
20140427,2014-04-27,2014,2,4,April,27,7,Sunday,true
20140428,2014-04-28,2014,2,4,April,28,1,Monday,false
20140429,2014-04-29,2014,2,4,April,29,2,Tuesday,false
20140430,2014-04-30,2014,2,4,April,30,3,Wednesday,false
20140501,2014-05-01,2014,2,5,May,1,4,Thursday,false
20140502,2014-05-02,2014,2,5,May,2,5,Friday,false
20140503,2014-05-03,2014,2,5,May,3,6,Saturday,true
20140504,2014-05-04,2014,2,5,May,4,7,Sunday,true
20140505,2014-05-05,2014,2,5,May,5,1,Monday,false
20140506,2014-05-06,2014,2,5,May,6,2,Tuesday,false
20140507,2014-05-07,2014,2,5,May,7,3,Wednesday,false
20140508,2014-05-08,2014,2,5,May,8,4,Thursday,false
20140509,2014-05-09,2014,2,5,May,9,5,Friday,false
20140510,2014-05-10,2014,2,5,May,10,6,Saturday,true
20140511,2014-05-11,2014,2,5,May,11,7,Sunday,true
20140512,2014-05-12,2014,2,5,May,12,1,Monday,false
20140513,2014-05-13,2014,2,5,May,13,2,Tuesday,false
20140514,2014-05-14,2014,2,5,May,14,3,Wednesday,false
20140515,2014-05-15,2014,2,5,May,15,4,Thursday,false
20140516,2014-05-16,2014,2,5,May,16,5,Friday,false
20140517,2014-05-17,2014,2,5,May,17,6,Saturday,true
20140518,2014-05-18,2014,2,5,May,18,7,Sunday,true
20140519,2014-05-19,2014,2,5,May,19,1,Monday,false
20140520,2014-05-20,2014,2,5,May,20,2,Tuesday,false
20140521,2014-05-21,2014,2,5,May,21,3,Wednesday,false
20140522,2014-05-22,2014,2,5,May,22,4,Thursday,false
20140523,2014-05-23,2014,2,5,May,23,5,Friday,false
20140524,2014-05-24,2014,2,5,May,24,6,Saturday,true
20140525,2014-05-25,2014,2,5,May,25,7,Sunday,true
20140526,2014-05-26,2014,2,5,May,26,1,Monday,false
20140527,2014-05-27,2014,2,5,May,27,2,Tuesday,false
20140528,2014-05-28,2014,2,5,May,28,3,Wednesday,false
20140529,2014-05-29,2014,2,5,May,29,4,Thursday,false
20140530,2014-05-30,2014,2,5,May,30,5,Friday,false
20140531,2014-05-31,2014,2,5,May,31,6,Saturday,true
20140601,2014-06-01,2014,2,6,June,1,7,Sunday,true
20140602,2014-06-02,2014,2,6,June,2,1,Monday,false
20140603,2014-06-03,2014,2,6,June,3,2,Tuesday,false
20140604,2014-06-04,2014,2,6,June,4,3,Wednesday,false
20140605,2014-06-05,2014,2,6,June,5,4,Thursday,false
20140606,2014-06-06,2014,2,6,June,6,5,Friday,false
20140607,2014-06-07,2014,2,6,June,7,6,Saturday,true
20140608,2014-06-08,2014,2,6,June,8,7,Sunday,true
20140609,2014-06-09,2014,2,6,June,9,1,Monday,false
20140610,2014-06-10,2014,2,6,June,10,2,Tuesday,false
20140611,2014-06-11,2014,2,6,June,11,3,Wednesday,false
20140612,2014-06-12,2014,2,6,June,12,4,Thursday,false
20140613,2014-06-13,2014,2,6,June,13,5,Friday,false
20140614,2014-06-14,2014,2,6,June,14,6,Saturday,true
20140615,2014-06-15,2014,2,6,June,15,7,Sunday,true
20140616,2014-06-16,2014,2,6,June,16,1,Monday,false
20140617,2014-06-17,2014,2,6,June,17,2,Tuesday,false
20140618,2014-06-18,2014,2,6,June,18,3,Wednesday,false
20140619,2014-06-19,2014,2,6,June,19,4,Thursday,false
20140620,2014-06-20,2014,2,6,June,20,5,Friday,false
20140621,2014-06-21,2014,2,6,June,21,6,Saturday,true
20140622,2014-06-22,2014,2,6,June,22,7,Sunday,true
20140623,2014-06-23,2014,2,6,June,23,1,Monday,false
20140624,2014-06-24,2014,2,6,June,24,2,Tuesday,false
20140625,2014-06-25,2014,2,6,June,25,3,Wednesday,false
20140626,2014-06-26,2014,2,6,June,26,4,Thursday,false
20140627,2014-06-27,2014,2,6,June,27,5,Friday,false
20140628,2014-06-28,2014,2,6,June,28,6,Saturday,true
20140629,2014-06-29,2014,2,6,June,29,7,Sunday,true
20140630,2014-06-30,2014,2,6,June,30,1,Monday,false
20140701,2014-07-01,2014,3,7,July,1,2,Tuesday,false
20140702,2014-07-02,2014,3,7,July,2,3,Wednesday,false
20140703,2014-07-03,2014,3,7,July,3,4,Thursday,false
20140704,2014-07-04,2014,3,7,July,4,5,Friday,false
20140705,2014-07-05,2014,3,7,July,5,6,Saturday,true
20140706,2014-07-06,2014,3,7,July,6,7,Sunday,true
20140707,2014-07-07,2014,3,7,July,7,1,Monday,false
20140708,2014-07-08,2014,3,7,July,8,2,Tuesday,false
20140709,2014-07-09,2014,3,7,July,9,3,Wednesday,false
20140710,2014-07-10,2014,3,7,July,10,4,Thursday,false
20140711,2014-07-11,2014,3,7,July,11,5,Friday,false
20140712,2014-07-12,2014,3,7,July,12,6,Saturday,true
